supp_id,supplier_name,country,city_name,currency,type,number_of_employees,Annual_sales,number_of_orders,market_share (%),market_capitalization ($)
34258,Taylor PLC,Lao People's Democratic Republic,Viangchan,Dollars,Financial Services,446,465.22,5565,48,5.97E+11
40868,Sorrentino SPA,Mozambique,Gaza,Dollars,Real Estate,533,8881.74,1871,98,9.17E+11
27813,Persico e figli,Saint Martin (French part),NA,Dollars,"Paper, Forest Products & Packaging",578,58.99,8611,9,6.98E+11
57551,Karge OHG mbH,Brunei Darussalam,Belait,Dollars,Oil & Gas,145,3.35,4320,41,8.79E+11
50099,"Smith, Porter and Lynch",Palau,Ngatpang,Dollars,Automotive & Assembly,872,8.39,2090,78,6.05E+11
68240,Mary Breton S.A.,"Iran, Islamic Republic of",Āz̄ārbāyjān-e Shārqī,Ngultrum,Life Sciences,278,246.17,3731,28,6.71E+11
46204,Renner,Guinea-Bissau,Sul,Dollars,Metals & Mining,202,4.71,7360,4,3.60E+11
44351,Collins Inc,Czechia,Prachatice,Dollars,Advanced Electronics,912,6222.61,4121,74,4.32E+11
43284,Lombard et Fils,Romania,Brașov,Dollars,Retail,525,6.18,6336,86,2.51E+11
47804,"Mattarella, Chiappetta e Farinelli Group",Monaco,Vallon de la Rousse,Dollars,Public & Social Sector,522,178.37,9266,91,9.60E+11
61874,Agnesi-Donatoni e figli,Suriname,Paramaribo,Dollars,Oil & Gas,498,3.51,7503,23,2.88E+11
10161,Marchand Salmon et Fils,Iceland,Rangárþing eystra,Dollars,"Technology, Media & Telecommunications",706,450.56,8872,6,73010024548
27880,Faust Gierschner GmbH & Co. KG,French Southern Territories,NA,Dollars,Oil & Gas,711,9.61,6063,42,4.96E+11
58199,Müller,Antigua and Barbuda,Saint Peter,Dollars,"Technology, Media & Telecommunications",920,4274.6,8637,93,8.68E+11
75581,"Giulietti, Casaleggio e Nibali e figli",Lebanon,An Nabaţīyah,Dollars,Metals & Mining,794,40.52,9856,92,9.48E+11
89467,Langern,Qatar,Umm Şalāl,Dollars,"Engineering, Construction & Building Materials",344,1.14,1502,44,4.37E+11
61433,Ginesio-Majewski e figli,Marshall Islands,Likiep,Dollars,Electric Power & Natural Gas,362,650.1,6018,27,9.20E+11
57453,Wong PLC,Russian Federation,Altajskij kraj,Dollars,"Technology, Media & Telecommunications",337,4386.47,7968,79,4.07E+11
77332,Fischer,Saint Lucia,Choiseul,Dollars,Electric Power & Natural Gas,314,99.1,3207,94,9.91E+11
70443,Tamburini-Endrizzi Group,Åland Islands,NA,Dollars,"Travel, Logistics & Infrastructure",225,48.46,7592,69,9.43E+11
85351,Bohnbach Schulz GmbH & Co. OHG,Brazil,Piauí,Dollars,Electric Power & Natural Gas,320,94.75,2613,43,7.62E+11
29277,Ortmann Eigenwillig GbR,Cook Islands,NA,Dollars,"Technology, Media & Telecommunications",630,936.91,8268,69,7.78E+11
97749,Daniels and Sons,French Southern Territories,NA,Dollars,Retail,531,48.35,3181,20,4.63E+11
93661,"Mastandrea, Faranda e Crispi SPA",Ecuador,Sucumbíos,Dollars,Consumer Packaged Goods,768,520.91,3030,32,5.76E+11
47339,Parent Boulanger S.A.,Colombia,Cauca,Dollars,"Travel, Logistics & Infrastructure",684,96.64,6011,59,90469483609
26090,Lange GmbH,Algeria,Tamanrasset,Dollars,Electric Power & Natural Gas,935,9.31,7225,1,3.22E+11
17977,Reynaud,Yemen,Ḩaḑramawt,Dollars,Chemicals,813,3851.88,4098,53,8.37E+11
68081,Garcia-Garcia,Madagascar,Antsiranana,Dollars,Electric Power & Natural Gas,830,6.54,4668,93,2.47E+11
83468,Couturier,Ireland,Louth,Dollars,Chemicals,430,8920.61,2771,14,5.93E+11
65468,Devaux SARL,Georgia,Samtskhe-Javakheti,Dollars,Chemicals,211,395.56,6002,12,2.91E+11
35841,Richard,Austria,Tirol,Dollars,Consumer Packaged Goods,184,71.56,4777,32,2.69E+11
27896,"Taylor, Rees and Burke",Samoa,Gaga'emauga,Dollars,Metals & Mining,554,265.88,6696,55,7.34E+11
19974,Legendre,Hungary,Kaposvár,Dollars,Public & Social Sector,369,9.33,1204,19,77674664573
63319,Donati e figli,Djibouti,Ali Sabieh,Dollars,Education,731,65.25,6910,2,1.06E+11
58047,Sanders-Yoder,Cook Islands,NA,Dollars,"Engineering, Construction & Building Materials",358,126.5,1459,15,85648381584
55441,"Boezio, Galvani e Mazzeo Group",Argentina,Neuquén,Dollars,Agriculture,429,548.43,2247,55,2.59E+11
69142,Fisher-Wright,Chad,Madīnat Injamīnā,Dollars,Public & Social Sector,660,9348.77,7618,7,3.26E+11
29604,Frazier-Snyder,Thailand,Kalasin,Dollars,Agriculture,751,8462.13,3844,16,2.19E+11
22560,Bernini-Mascheroni s.r.l.,Japan,Fukui,Dollars,Consumer Packaged Goods,332,2.41,2230,52,9.16E+11
74660,Niemeier Käster AG,Argentina,Santa Fe,Dollars,Retail,227,1.5,8102,89,7.54E+11
47093,Garnier S.A.,France,Gironde,Dollars,"Engineering, Construction & Building Materials",713,94.16,1244,92,5.76E+11
58976,Murray-Lowe,Jamaica,Saint Andrew,Dollars,Retail,248,5077.25,2848,41,13261847684
27107,Loiseau,Indonesia,Jawa Tengah,Dollars,Electric Power & Natural Gas,263,7.49,4483,62,5.60E+11
11283,Godard,United States Minor Outlying Islands,Wake Island,Dollars,Healthcare Systems & Services,382,518.82,7902,43,9.93E+11
63113,"Ajello, Pavanello e Vasari e figli",Afghanistan,Baghlān,Dollars,"Technology, Media & Telecommunications",109,448.29,5809,97,7.44E+11
24741,Lange,Ghana,Bono,Dollars,"Engineering, Construction & Building Materials",199,411.41,4001,24,8.01E+11
67421,Bourgeois Guillaume S.A.R.L.,Gabon,Nyanga,Dollars,Electric Power & Natural Gas,585,62.64,7382,57,8.71E+11
43691,Legros,Chad,Borkou,Dollars,Life Sciences,505,423.94,5206,90,5.34E+11
18952,Calvo-Satriani e figli,Bahamas,Spanish Wells,Dollars,Semiconductors,212,1080.19,2108,97,4.25E+11
64251,"Parker, Golden and Vasquez",Tonga,Ha'apai,Dollars,"Travel, Logistics & Infrastructure",958,285.39,6012,71,3.72E+11
71819,Hale-Robinson,Sint Maarten (Dutch part),NA,Dollars,Consumer Packaged Goods,143,67.7,9620,67,7.37E+11
24646,Thanel Schlosser AG & Co. KG,American Samoa,NA,Dollars,Private Equity & Principal Investors,666,8.58,6375,52,5.64E+11
72315,Phillips and Sons,Argentina,Tierra del Fuego,Dollars,Aerospace & Defense,682,5.35,3930,33,3.21E+11
56382,Campbell LLC,Antigua and Barbuda,Saint Philip,Dollars,Retail,911,6854.47,7625,4,9.72E+11
31532,Williams-Carter,Seychelles,Au Cap,Dollars,Private Equity & Principal Investors,200,73.33,5919,65,7.26E+11
33037,Schinke,Saint Pierre and Miquelon,NA,Dollars,Retail,568,7.65,5517,77,96739764422
13951,Santoro-Bignami SPA,Belize,Belize,Dollars,Oil & Gas,569,20.98,5075,26,98321109644
88882,"Copeland, Briggs and Taylor",French Guiana,NA,Dollars,Real Estate,133,464.75,1036,1,9.87E+11
18141,Röhrdanz AG & Co. KG,Zambia,North-Western,Dollars,Public & Social Sector,123,317.36,6687,88,5.62E+11
73593,Simon Dijoux SA,French Guiana,NA,Dollars,Aerospace & Defense,956,7.48,4612,30,2.94E+11
92416,Tonisto s.r.l.,Niue,NA,Dollars,Life Sciences,221,5396.52,6068,65,2.15E+11
73487,Bishop Ltd,Italy,Marche,Dollars,Metals & Mining,455,8.57,8447,51,2.40E+11
99762,Hammond Inc,Netherlands,Saba,Dollars,Real Estate,762,40.24,5322,77,5.34E+11
86815,Giorgetti-Rossetti SPA,Equatorial Guinea,Bioko Sud,Dollars,"Technology, Media & Telecommunications",269,180.97,8566,46,3.58E+11
53699,Köster Walter GmbH & Co. KGaA,Niger,Diffa,Dollars,Real Estate,751,3.8,2347,12,65711062011
41898,"Gray, Walsh and Martin",Bouvet Island,NA,Dollars,Agriculture,359,506.12,1114,16,1.81E+11
13889,John PLC,Benin,Alibori,Dollars,Public & Social Sector,514,90.57,5223,37,5.59E+11
21166,"Martin, Ross and Doyle",Gabon,Ogooué-Maritime,Dollars,Advanced Electronics,596,168.81,7106,97,8.27E+11
52544,Baglioni e figli,"Bolivia, Plurinational State of",Pando,Dollars,Semiconductors,443,50.79,5317,68,8.52E+11
68120,Humbert et Fils,Holy See (Vatican City State),NA,Dollars,Financial Services,392,9626.27,8629,3,2.86E+11
14125,Dörschner Naser GmbH,"Bonaire, Sint Eustatius and Saba",Saba,Dollars,Healthcare Systems & Services,195,649.86,6139,64,8.54E+11
12548,"Whitehead, Morris and Chan",Somalia,Shabeellaha Hoose,Dollars,Education,745,35.61,9702,40,56583264482
30692,Parsons-Miles,Saint Barthélemy,NA,Dollars,Aerospace & Defense,949,76.43,6981,86,89700080724
31934,Brown Group,Wallis and Futuna,Alo,Dollars,Financial Services,814,4.51,4480,49,3.19E+11
91465,Davis LLC,Marshall Islands,Enewetak & Ujelang,Dollars,Automotive & Assembly,582,756.6,8797,3,1.81E+11
81423,Eco s.r.l.,Bouvet Island,NA,Dollars,Aerospace & Defense,276,4.17,6658,69,3.45E+11
82768,Argan-Montesano Group,Grenada,Saint George,Dollars,Consumer Packaged Goods,982,53.66,4186,17,31804971061
32829,Le Roux Faure et Fils,Kuwait,Al ‘Āşimah,Dollars,Chemicals,885,51.31,5063,54,5.97E+11
39180,Lebon S.A.R.L.,Australia,Queensland,Dollars,Agriculture,616,350.95,9886,69,8.20E+11
55787,Gröttner Stahr KG,Saint Vincent and the Grenadines,Saint David,Dollars,Advanced Electronics,981,781.93,2736,92,1.54E+11
11770,Fantoni-Pareto SPA,Eritrea,Debubawi K’eyyĭḥ Baḥri,Dollars,Semiconductors,687,5786.51,5156,97,2.22E+11
75444,Schacht KGaA,Argentina,La Pampa,Dollars,Electric Power & Natural Gas,565,122.57,7540,14,3.69E+11
12179,Ferrand Lefebvre SARL,Saint Vincent and the Grenadines,Saint David,Dollars,Advanced Electronics,397,98.99,7296,100,4.45E+11
12547,Eberhardt Ortmann GmbH & Co. KG,Mali,Ségou,Dollars,Real Estate,652,455.91,1848,24,5.24E+11
46676,Davies Group,Seychelles,Takamaka,Dollars,Healthcare Systems & Services,184,8646.2,3217,74,3.33E+11
89745,Stoll,New Caledonia,NA,Dollars,Metals & Mining,168,68.59,5767,8,2.90E+11
46615,"Brown, Roberts and Williams","Moldova, Republic of",Călărași,Dollars,Semiconductors,510,2.99,6535,91,8.87E+11
42065,Hayward Inc,Sint Maarten (Dutch part),NA,Dollars,Healthcare Systems & Services,826,8071.9,5073,63,3.04E+11
18262,"Davies, Anderson and Lewis",Saint Lucia,Soufrière,Dollars,Semiconductors,623,3039.43,1257,29,2.20E+11
24451,Knapp-Lynch,Kuwait,Mubārak al Kabīr,Dollars,Electric Power & Natural Gas,621,629.46,7584,79,4.58E+11
64604,Jennings-Richards,Croatia,Varaždinska županija,Dollars,Real Estate,324,22.57,3816,80,4.31E+11
46995,Moore-Wright,Sao Tome and Principe,Lembá,Dollars,Advanced Electronics,726,994.68,1889,34,9.84E+11
49681,Barbe,Gibraltar,NA,Dollars,Metals & Mining,791,4938.68,3287,5,1.44E+11
86580,Carlier Bernard SARL,Grenada,Saint George,Dollars,Metals & Mining,659,1156.14,4041,31,81400493131
97142,Pietrangeli SPA,Belize,Belize,Dollars,"Paper, Forest Products & Packaging",542,30.38,6518,38,5.07E+11
63322,Ernst,Guinea,Télimélé,Dollars,Metals & Mining,941,948.26,4995,17,9.91E+11
90272,"Tarantino, Monaco e Stefanelli e figli",Myanmar,Tanintharyi,Dollars,Real Estate,817,4.19,9939,59,67351662587
92698,Pedroni s.r.l.,Antigua and Barbuda,Barbuda,Dollars,Oil & Gas,656,8.45,1477,71,7.57E+11
14522,Charrier,Paraguay,Caaguazú,Dollars,Agriculture,453,7268.14,1715,91,1.08E+11
23557,Techer S.A.S.,Lesotho,Qacha's Nek,Dollars,Advanced Electronics,766,8.97,8687,56,8.93E+11
60591,Garcia,French Southern Territories,NA,Dollars,"Technology, Media & Telecommunications",886,5.25,9836,26,3.41E+11
38265,"Borromini, Ginesio e Tirabassi Group",Bhutan,Samdrup Jongkhar,Dollars,Oil & Gas,422,37.16,2854,62,3.38E+11
55648,"Scalfaro, Spinola e Alfieri Group",Antigua and Barbuda,Saint Mary,Dollars,Electric Power & Natural Gas,728,9645.18,8829,65,3.33E+11
71574,Weller,Brazil,Mato Grosso,Dollars,Oil & Gas,263,1.33,3938,13,1.22E+11
71916,Wirth AG,Afghanistan,Bādghīs,Dollars,Healthcare Systems & Services,988,7903.53,1873,44,1.68E+11
76443,Duval,Malaysia,Terengganu,Dollars,Life Sciences,326,85.56,5683,69,8.58E+11
96293,Thomas-Stevens,Nauru,Uaboe,Dollars,Semiconductors,586,1.1,7895,3,6.99E+11
60393,Baron,Bahamas,Ragged Island,Dollars,Electric Power & Natural Gas,757,903.42,2264,56,7.19E+11
13540,Scott-Miller,Tuvalu,Nukufetau,Dollars,Consumer Packaged Goods,765,113.23,1799,98,18982761777
16601,Krein Schaaf Stiftung & Co. KGaA,Comoros,Andjouân,Dollars,Automotive & Assembly,896,466.3,9846,92,1.95E+11
98981,"Calarco, Gregori e Lopresti Group",United Arab Emirates,Al Fujayrah,Dollars,Financial Services,844,6.45,1374,98,5.96E+11
13283,Melendez-Williams,Congo,Bouenza,Dollars,Aerospace & Defense,680,792.86,6739,10,8.38E+11
12748,"Dossetti, Sobrero e Padovano SPA",Liberia,Grand Bassa,Dollars,Life Sciences,294,7.32,9449,88,6.76E+11
51293,Cusano s.r.l.,Niue,NA,Dollars,"Paper, Forest Products & Packaging",402,107.13,4671,75,7.35E+11
61570,Morris PLC,Afghanistan,Paktiyā,Dollars,"Paper, Forest Products & Packaging",229,342.72,8971,24,4.12E+11
55515,"Price, Carroll and Cook",Oman,Shamāl al Bāţinah,Dollars,Metals & Mining,633,9383.99,8260,15,3.72E+11
46942,Monduzzi-Pellico Group,Greenland,Qeqqata Kommunia,Dollars,"Paper, Forest Products & Packaging",751,9611.85,9922,85,6.79E+11
13362,"Martin, Summers and Edwards",Dominican Republic,Peravia,Dollars,Financial Services,550,2505.77,1288,44,2.60E+11
11513,Cohen,Antarctica,NA,Dollars,"Travel, Logistics & Infrastructure",709,964.4,5343,87,9.78E+11
78265,Karge GmbH & Co. KG,Sao Tome and Principe,Água Grande,Dollars,Metals & Mining,172,943.46,7289,41,3.21E+11
76088,Römer GmbH,Belgium,Limburg,Dollars,Metals & Mining,687,310.85,3574,15,6.45E+11
52578,Morin S.A.S.,Costa Rica,Guanacaste,Dollars,"Travel, Logistics & Infrastructure",606,3.89,4869,79,4.36E+11
85924,Bertrand,Sao Tome and Principe,Lembá,Dollars,Real Estate,437,3.52,2494,58,3.53E+11
71597,Roccabonella-Lamborghini e figli,Guadeloupe,NA,Dollars,Chemicals,781,6.77,1925,13,6.36E+11
70050,Talbot-Smith,Belize,Stann Creek,Dollars,Retail,403,734.96,9448,96,2.46E+11
26533,Miller PLC,Northern Mariana Islands,NA,Dollars,Consumer Packaged Goods,244,7.79,5367,89,9.03E+11
90236,Schönland AG,United Arab Emirates,Al Fujayrah,Dollars,Electric Power & Natural Gas,481,8203.36,7561,82,4.08E+11
91409,Sauvage,Seychelles,Saint Louis,Dollars,"Engineering, Construction & Building Materials",251,7287.92,9734,20,2.26E+11
72631,Berger Kohl GmbH & Co. KGaA,Bosnia and Herzegovina,Republika Srpska,Dollars,Consumer Packaged Goods,161,69.39,5812,55,90745418271
33368,Sagese e figli,Slovakia,Nitriansky kraj,Dollars,Chemicals,225,7018.83,8297,10,5.49E+11
48580,Patel LLC,"Moldova, Republic of",Călărași,Dollars,Oil & Gas,941,40.9,8036,81,4.93E+11
83378,Taylor Ltd,Thailand,Sing Buri,Dollars,Financial Services,572,352.29,8023,84,5.80E+11
68177,"Davies, James and Singh",Central African Republic,Ouham-Pendé,Dollars,Life Sciences,892,867.8,6922,10,1.02E+11
21232,"Wong, Garcia and Ford",Bermuda,NA,Dollars,Chemicals,679,6.66,4404,33,96977509746
68800,Williams-Armstrong,Spain,Valencia,Dollars,Education,436,14.32,9959,77,9.74E+11
42179,Casagrande e figli,Argentina,Tierra del Fuego,Dollars,Semiconductors,103,570.8,7126,100,4.67E+11
81015,Bohlander GbR,Georgia,Rach'a-Lechkhumi-Kvemo Svaneti,Dollars,Retail,838,6828.48,6455,99,6.25E+11
72157,"Salazar, Robinson and Williams",Antarctica,NA,Dollars,Oil & Gas,784,5.1,3620,40,4.39E+11
77743,"Cianciolo, Leblanc e Petrucelli s.r.l.",Chad,Salamat,Dollars,Retail,666,1.49,2244,4,8.61E+11
23083,Rodriguez Inc,Egypt,Al Minyā,Dollars,Oil & Gas,639,806.3,3681,30,6.66E+11
83444,Henry Ledoux S.A.,Switzerland,Appenzell Ausserrhoden,Dollars,Oil & Gas,730,265.12,2796,87,3.61E+11
34582,West-Lane,Wallis and Futuna,Uvea,Dollars,Real Estate,187,8890.56,2421,77,9.47E+11
90059,Velez-Walker,Malawi,Dowa,Dollars,Healthcare Systems & Services,476,41.3,9287,30,6.33E+11
24401,Johnson-Gardner,Curaçao,NA,Dollars,Aerospace & Defense,826,18.29,3909,95,1.20E+11
41112,"Iannotti, Abatantuono e Vecoli SPA",Gibraltar,NA,Dollars,Private Equity & Principal Investors,579,5658.14,8488,64,9.61E+11
59005,Allen PLC,Uruguay,Flores,Dollars,"Technology, Media & Telecommunications",204,8.36,9952,7,6.31E+11
69003,"Germano, Luxardo e Botta s.r.l.",Austria,Salzburg,Dollars,Retail,702,25.4,9626,96,6.21E+11
54218,"Weaver, Fitzgerald and Anderson",Seychelles,Bel Air,Dollars,Metals & Mining,375,4015.65,9802,55,3.80E+11
61603,Giraud S.A.R.L.,Ireland,Munster,Dollars,Education,332,5687.64,9657,95,9.24E+11
72867,"Roberts, Ramirez and Ellis",French Polynesia,NA,Dollars,Healthcare Systems & Services,324,2867.82,5928,92,4.26E+11
65204,Bolnbach Gorlitz AG,Russian Federation,Kaluzhskaya oblast',Dollars,"Engineering, Construction & Building Materials",863,48.58,6380,67,6.59E+11
29185,"Depero, Saragat e Ziani s.r.l.",Greece,Kentrikí Makedonía,Dollars,Life Sciences,740,809.68,8860,45,3.79E+11
80325,Söding,Bahamas,Central Andros,Dollars,Aerospace & Defense,994,87.14,9184,78,5.86E+11
10753,Tlustek,Romania,Călărași,Dollars,Life Sciences,846,1305.3,3584,67,2.64E+11
93778,Mcfarland-Gibson,Azerbaijan,Astara,Dollars,Healthcare Systems & Services,146,4.3,7277,90,9.56E+11
78843,Camilleri-Rubbia s.r.l.,Norway,Oslo,Dollars,Life Sciences,879,5.6,5727,46,8.49E+11
74432,Deschamps,Turkey,Balıkesir,Dollars,Public & Social Sector,804,8.34,3428,55,7.82E+11
29196,Hecker,"Korea, Democratic People's Republic of",Hwanghae-namdo,Dollars,Semiconductors,399,74.12,1958,77,37208678956
23640,Perez,Georgia,Imereti,Dollars,Oil & Gas,711,31.2,6475,2,6.97E+11
87916,Ball PLC,Japan,Tochigi,Dollars,"Paper, Forest Products & Packaging",766,5.21,6855,40,7.97E+11
41099,Krein,Macao,NA,Dollars,Aerospace & Defense,211,5.55,4738,16,4.04E+11
80737,"Humphreys, Roberts and Dean",Uruguay,Rivera,Dollars,"Technology, Media & Telecommunications",622,90.55,1620,99,8.97E+11
54921,Villarreal and Sons,El Salvador,Chalatenango,Dollars,Agriculture,217,1164.21,8336,43,1.88E+11
57113,Dehmel GbR,Suriname,Nickerie,Dollars,Advanced Electronics,146,75.51,2720,85,72804181579
52160,Zorbach e.V.,Albania,Fier,Dollars,Healthcare Systems & Services,325,5.21,4600,19,1.64E+11
19878,"Morales, Walker and Garcia",Bermuda,NA,Dollars,Electric Power & Natural Gas,960,10.98,3849,11,6.30E+11
81114,Junck Keudel AG,Gambia,North Bank,Dollars,Private Equity & Principal Investors,784,3575.62,2907,31,4.41E+11
68562,Cavalcanti e figli,Mayotte,NA,Dollars,"Travel, Logistics & Infrastructure",758,95.71,2636,10,5.02E+11
20226,Merle,Bulgaria,Dobrich,Dollars,Chemicals,829,11.89,9611,76,7.65E+11
47070,Boyer,Northern Mariana Islands,NA,Dollars,Oil & Gas,896,1.47,1383,40,3.86E+11
36417,Webster Group,Switzerland,Aargau,Dollars,Metals & Mining,238,7924.26,9098,85,1.03E+11
36243,"Togliatti, Segni e Carfagna s.r.l.",Azerbaijan,Sumqayıt,Dollars,"Paper, Forest Products & Packaging",986,64.48,5152,83,4.23E+11
36985,De Sousa,Australia,New South Wales,Dollars,"Technology, Media & Telecommunications",656,1698.49,2473,98,9.71E+11
77189,"Davis, Wilson and Strickland",Gabon,Moyen-Ogooué,Dollars,Metals & Mining,615,62.24,7435,63,3.77E+11
56104,Calbo e figli,Solomon Islands,Central,Dollars,"Technology, Media & Telecommunications",680,78.92,4725,33,7.76E+11
54148,"Riley, Harding and Johnson",Argentina,Misiones,Dollars,"Paper, Forest Products & Packaging",969,9.92,3703,81,9.95E+11
79479,Trommler,Saint Kitts and Nevis,Saint Paul Capisterre,Dollars,Healthcare Systems & Services,698,27.91,9285,41,1.53E+11
30890,Monicelli-Bartoli Group,Haiti,Centre,Dollars,Healthcare Systems & Services,306,3398.8,9341,52,5.55E+11
81548,Iannotti s.r.l.,Sudan,Sennar,Dollars,"Paper, Forest Products & Packaging",569,8.27,9080,67,5.19E+11
48251,Lucarelli-Borsellino s.r.l.,Saint Lucia,Canaries,Dollars,Aerospace & Defense,611,374.27,5814,84,6.58E+11
85572,Iannucci-Gualandi SPA,Martinique,NA,Dollars,Financial Services,353,9.94,3057,27,1.21E+11
90456,Johnston-Jones,Papua New Guinea,Milne Bay,Dollars,Real Estate,665,5778.26,8166,55,8.46E+11
58421,"Tacchini, Cilibrasi e Panicucci s.r.l.","Virgin Islands, U.S.",NA,Dollars,Real Estate,317,353.76,8773,50,8.69E+11
25123,Hamann Benthin Stiftung & Co. KGaA,Belize,Corozal,Dollars,Oil & Gas,725,9.42,2750,98,7.40E+11
74318,Hart Inc,Uganda,Mpigi,Dollars,Healthcare Systems & Services,159,658.93,7009,100,9.41E+11
66206,Gramsci SPA,Côte d'Ivoire,Savanes,Dollars,Aerospace & Defense,914,4.12,6136,54,5.31E+11
84844,Fornaciari-Cristoforetti SPA,Peru,Moquegua,Dollars,Public & Social Sector,232,248.58,5956,47,1.17E+11
47789,Bouvet Paris SARL,Cameroon,West,Dollars,Consumer Packaged Goods,436,9.11,6201,80,9.59E+11
68357,"Fields, Mathis and Ross",Romania,Brașov,Dollars,Retail,983,3096.12,6612,40,2.79E+11
54953,Riou,Fiji,Ra,Dollars,Oil & Gas,191,23.72,8884,3,22589653442
46070,Tedesco Group,Madagascar,Toamasina,Dollars,Real Estate,815,8682.88,9822,83,9.20E+11
75482,Cooper-Price,Bosnia and Herzegovina,Brčko distrikt,Dollars,Healthcare Systems & Services,548,1.43,3819,5,9.97E+11
77683,Ebert,Grenada,Saint David,Dollars,"Paper, Forest Products & Packaging",693,1.53,6260,27,6.60E+11
70468,Giammusso SPA,Georgia,Samtskhe-Javakheti,Dollars,Financial Services,344,7028.92,1247,66,9.86E+11
38957,Lejeune,Western Sahara,NA,Dollars,Life Sciences,466,5.71,9117,46,3.56E+11
73575,Foley Inc,Réunion,NA,Dollars,Retail,365,6586.89,2080,74,2.78E+11
75434,Medina-Williams,Solomon Islands,Rennell and Bellona,Dollars,Retail,972,4.99,9295,63,3.55E+11
80991,Oneal-Young,Côte d'Ivoire,Comoé,Dollars,"Paper, Forest Products & Packaging",330,8114.81,4692,33,2.89E+11
45056,Dehmel Birnbaum AG,Malta,Birgu,Dollars,Financial Services,650,2.21,9988,58,8.71E+11
16082,Gaito SPA,Chile,Coquimbo,Denar,Oil & Gas,899,999.94,8088,71,2.47E+11
28873,Herrmann,United States,Alabama,Dollars,"Engineering, Construction & Building Materials",183,753.73,5904,41,3.29E+11
71339,Gilbert PLC,Holy See (Vatican City State),NA,Dollars,Electric Power & Natural Gas,721,654.54,3371,38,74576815055
75613,Tommaseo SPA,Christmas Island,NA,Dollars,Chemicals,900,2.25,8147,31,1.42E+11
52082,Mcfarland-Gill,San Marino,Acquaviva,Dollars,"Paper, Forest Products & Packaging",608,5.91,2563,90,2.11E+11
25563,Rismondo e figli,Kiribati,Line Islands,Dollars,"Paper, Forest Products & Packaging",615,76.56,8891,67,7.72E+11
41542,Montanari-Gucci SPA,Finland,Egentliga Finland,Dollars,Chemicals,732,7670.95,4999,31,5.62E+11
47017,Faure S.A.S.,"Moldova, Republic of",Chișinău,Dollars,Education,221,8112.61,8031,69,6.16E+11
46894,"Pitts, Stokes and Hardin",Ethiopia,Dire Dawa,Dollars,Public & Social Sector,666,69.83,9757,28,9.28E+11
43160,Häring Fechner GmbH & Co. KG,Saint Pierre and Miquelon,NA,Dollars,Advanced Electronics,238,73.32,1697,34,4.99E+11
94512,Breton Delorme SA,Uruguay,Tacuarembó,Dollars,Retail,321,9.89,2583,60,5.32E+11
79389,Drub KGaA,Curaçao,NA,Dollars,Retail,719,57.5,4327,1,8.35E+11
60009,Klapp AG,Oman,Al Wusţá,Dollars,Education,868,6966.14,3892,84,16594453544
30764,"Fletcher, Page and Hill","Venezuela, Bolivarian Republic of",Bolívar,Dollars,"Paper, Forest Products & Packaging",439,9.43,8848,6,3.57E+11
82144,Scott-Hughes,Sierra Leone,Northern,Dollars,Financial Services,313,55.4,7747,95,1.33E+11
42191,Blanchet,United Kingdom,Walsall,Dollars,Advanced Electronics,565,6602.96,5251,14,5.30E+11
99869,Barnes Ltd,Aruba,NA,Dollars,Oil & Gas,912,878.67,3120,7,7.46E+11
99559,Monnier SA,Sierra Leone,Eastern,Dollars,Advanced Electronics,233,60.75,9948,76,5.58E+11
21602,Wells-Shaw,"Taiwan, Province of China",Penghu,Dollars,Life Sciences,477,4022.61,2889,37,1.86E+11
10797,Davis-Ward,Sao Tome and Principe,Mé-Zóchi,Dollars,Retail,761,183.64,8686,39,5.29E+11
68814,Patterson-Barnes,Mozambique,Zambézia,Dollars,Education,165,9.8,9751,13,6.12E+11
81099,Caldwell-Taylor,Cayman Islands,NA,Dollars,"Paper, Forest Products & Packaging",570,10.26,1508,98,6.19E+11
35703,Treves-Carli e figli,"Venezuela, Bolivarian Republic of",Lara,Dollars,Public & Social Sector,109,992.4,1082,74,8.41E+11
40125,Marsh LLC,Honduras,Francisco Morazán,Dollars,Financial Services,843,1637.99,1665,62,1.64E+11
27057,"Patel, Payne and Lee",Zambia,Lusaka,Dollars,Oil & Gas,508,5862.41,8074,79,2.56E+11
87209,Grant Inc,United States,Nevada,Dollars,Metals & Mining,598,753.49,8256,26,9.30E+11
85240,Dunlap Group,Bahrain,Al Janūbīyah,Dollars,Metals & Mining,792,32.88,1893,70,92513292352
88025,"Quasimodo, Petrucci e Verdone e figli",French Guiana,NA,Dollars,Oil & Gas,120,36.28,9823,70,5.53E+11
13920,Brock and Sons,Denmark,Syddanmark,Dollars,Aerospace & Defense,746,6.18,3965,16,7745977305
59027,Detti-Muti SPA,Réunion,NA,Dollars,"Travel, Logistics & Infrastructure",229,33.75,6950,58,9179102255
25648,"Ziani, Fischetti e Fittipaldi s.r.l.","Tanzania, United Republic of",Ruvuma,Dollars,Retail,623,2.22,6785,96,31771223102
18997,Faust Carsten GmbH & Co. KGaA,Bhutan,Samdrup Jongkhar,Dollars,Electric Power & Natural Gas,735,8.63,4189,67,5.24E+11
40597,"Houghton, Shaw and Bell",Antigua and Barbuda,Saint Peter,Dollars,Real Estate,793,685.27,9972,67,8.64E+11
13569,"Green, Bush and Garcia",Liberia,Gbarpolu,Dollars,Real Estate,978,424.38,5489,84,30790751329
48238,Tozzo Group,Niue,NA,Dollars,"Engineering, Construction & Building Materials",616,2034.12,4722,77,2.33E+11
77347,Koch II AG,Croatia,Zadarska županija,Dollars,Metals & Mining,608,31.42,9005,60,3.26E+11
91265,Tozzo-Pace e figli,Åland Islands,NA,Dollars,Aerospace & Defense,885,870.8,1520,80,9.13E+11
28515,Schomber,Viet Nam,Bạc Liêu,Dollars,Consumer Packaged Goods,189,3.67,1469,79,1.52E+11
70869,Shea-Ellis,Tajikistan,Dushanbe,Dollars,Private Equity & Principal Investors,263,613.78,4953,54,8.49E+11
12116,Mills-Bates,North Macedonia,Jegunovce,Dollars,Oil & Gas,225,854.72,1176,46,6.84E+11
42091,Gute,Suriname,Saramacca,Dollars,Education,790,4.54,8062,75,3.37E+11
90942,Richards Group,British Indian Ocean Territory,NA,Dollars,Semiconductors,388,69.92,1825,14,2.05E+11
76020,Dehmel Schomber KG,Lao People's Democratic Republic,Xaignabouli,Dollars,Financial Services,545,7248.43,1286,98,54402705239
69229,Briggs LLC,Seychelles,Bel Air,Dollars,Financial Services,764,306.11,7975,85,8.05E+11
61565,Barcaccia Group,Croatia,Šibensko-kninska županija,Dollars,Oil & Gas,805,74.83,2132,24,9.07E+11
12435,Thomas Fernandez S.A.R.L.,Réunion,NA,Dollars,Automotive & Assembly,642,747.34,4647,44,4.47E+11
79806,"Maspero, Biagiotti e Bianchini s.r.l.",Croatia,Sisačko-moslavačka županija,Dollars,Aerospace & Defense,248,64.18,8583,51,6.56E+11
57109,Descamps SA,Mali,Kayes,Dollars,Retail,939,29.23,7001,70,8.56E+11
52130,Delaunay,Sudan,Gedaref,Dollars,Electric Power & Natural Gas,277,2096.83,5794,100,8.07E+11
42118,"Day, Howell and Hill",Montserrat,NA,Dollars,Private Equity & Principal Investors,521,8296.12,1387,13,3.89E+11
40898,Brenna Group,Kuwait,Al Farwānīyah,Dollars,Metals & Mining,929,1353.54,6865,83,8.91E+11
39402,Martinez,Suriname,Paramaribo,Dollars,Retail,191,2.96,8661,23,9.64E+11
73431,Monti-Carnera Group,Singapore,Central Singapore,Dollars,Healthcare Systems & Services,277,820.4,9984,51,3.77E+11
58914,Munoz SA,Timor-Leste,Lautein,Dollars,Aerospace & Defense,539,44.83,2382,100,1.68E+11
34967,Scott-Williams,Guernsey,NA,Dollars,Chemicals,574,5.84,3124,89,6.64E+11
99068,Geißler,Hong Kong,NA,Dollars,Real Estate,894,6.79,4626,18,4.66E+11
75772,Williams-Ryan,Ireland,Connaught,Dollars,Consumer Packaged Goods,529,942.96,8490,6,7.65E+11
13901,Legrand Ollivier et Fils,Netherlands,Saba,Dollars,"Paper, Forest Products & Packaging",358,1.85,3107,14,1.13E+11
57265,Guarato e figli,Somalia,Mudug,Dollars,Semiconductors,696,4905.39,7379,31,7.23E+11
71349,Blondel,Lesotho,Leribe,Dollars,Agriculture,460,77.5,5993,70,2.57E+11
87695,"Ricci, Omma e Tirabassi SPA",Samoa,Fa'asaleleaga,Dollars,Retail,744,19.24,5488,96,2.28E+11
81678,Wulf,Turkmenistan,Lebap,Dollars,Financial Services,803,6.62,2819,74,3.23E+11
56429,Maurice SA,Benin,Alibori,Dollars,Healthcare Systems & Services,439,28.6,6662,69,8.54E+11
16265,Prati-Anastasi e figli,Liechtenstein,Triesen,Dollars,Retail,910,64.96,4403,49,7.01E+11
38461,"Chandler, Williams and Stevens",Costa Rica,Heredia,Dollars,"Engineering, Construction & Building Materials",993,99.48,2508,27,5.81E+11
28042,Gumprich GbR,Pitcairn,NA,Dollars,Electric Power & Natural Gas,310,6.88,5592,91,7.38E+11
27988,Thomas,Brazil,Pará,Dollars,Agriculture,634,2.72,5948,77,959526079
85116,Löchel,"Bonaire, Sint Eustatius and Saba",Saba,Dollars,Real Estate,705,8.56,1382,76,5.03E+11
68615,"Pacheco, Davies and Randall",Portugal,Vila Real,Dollars,"Paper, Forest Products & Packaging",372,8.58,3644,48,2.26E+11
67411,"Reed, Matthews and Holmes",Finland,Norra Savolax,Dollars,Automotive & Assembly,388,4.2,1673,57,5.01E+11
11790,Campbell-West,Chad,Tibastī,Dollars,Semiconductors,761,1141.39,4777,30,6.44E+11
21726,Voisin,New Caledonia,NA,Dollars,Healthcare Systems & Services,423,471.96,3919,2,6.49E+11
15367,Schüler,Sudan,North Darfur,Dollars,"Engineering, Construction & Building Materials",432,545.34,2240,48,4.02E+11
95496,Didier,China,Hong Kong SAR,Dollars,Aerospace & Defense,825,6.59,6728,61,8.06E+11
93032,Smith-Hill,Bulgaria,Sofia,Dollars,Aerospace & Defense,738,72.84,7639,55,3.28E+11
64580,Gotthard Stiftung & Co. KGaA,Cyprus,Baf,Dollars,Financial Services,602,75.43,3397,51,7.47E+11
19072,Casarin-Valentino Group,Botswana,Central,Dollars,Healthcare Systems & Services,926,5954.35,8479,63,8.13E+11
94877,Gould Inc,United States,Vermont,Dollars,Financial Services,730,372.62,6193,3,8.55E+11
67018,Gray-Johnson,Brazil,Paraíba,Dollars,Real Estate,744,4.57,5607,45,8.15E+11
86494,Murphy-Mitchell,Slovenia,Kozje,Dollars,Private Equity & Principal Investors,659,24.94,8030,39,1.11E+11
71056,Christoph KG,Mali,Ménaka,Dollars,"Engineering, Construction & Building Materials",564,7878.81,7403,80,6.51E+11
11186,"Norris, Dominguez and Smith",New Caledonia,NA,Dollars,"Paper, Forest Products & Packaging",809,7.38,9314,25,6.06E+11
55714,Richardson LLC,Botswana,Lobatse,Dollars,Education,674,2589.86,2770,14,1.94E+11
65285,Marty S.A.R.L.,Djibouti,Tadjourah,Dollars,Real Estate,715,4.97,3173,51,5.64E+11
96448,Murillo Group,Comoros,Andjazîdja,Dollars,Education,610,628.14,6486,93,9.82E+11
68498,"Tropea, Soprano e Chiappetta s.r.l.",Papua New Guinea,Bougainville,Dollars,Consumer Packaged Goods,514,22.93,8291,29,2.43E+11
29946,Flores-Anderson,Guernsey,NA,Dollars,Aerospace & Defense,767,670.25,6775,98,2.27E+11
35340,Hall-Bell,Falkland Islands (Malvinas),NA,Dollars,Advanced Electronics,240,7945.64,8289,35,6.00E+11
99057,Charles PLC,Mali,Mopti,Dollars,Public & Social Sector,990,6.13,7048,99,5.37E+11
10731,"Giolitti, Pincherle e Zanazzo Group",Paraguay,Cordillera,Dollars,Advanced Electronics,119,5.62,3190,21,5.23E+11
99101,Leblanc and Sons,Western Sahara,NA,Dollars,Advanced Electronics,109,59.47,9012,60,2.20E+11
70892,Heidrich Christoph KG,Curaçao,NA,Dollars,Financial Services,154,2.4,6927,12,10956758891
51207,Bolzmann Säuberlich GmbH,French Guiana,NA,Dollars,"Travel, Logistics & Infrastructure",797,71.57,7655,67,3.51E+11
94574,Harper-Jones,Mali,Koulikoro,Dollars,Oil & Gas,471,58.36,6620,22,2.53E+11
30864,Rose KG,Palau,Ngarchelong,Dollars,Automotive & Assembly,597,4.46,9729,35,2.82E+11
90700,Lefebvre,Brazil,Paraná,Dollars,Semiconductors,310,3.25,3748,97,1.12E+11
90256,Förster,Ethiopia,Addis Ababa,Dollars,"Paper, Forest Products & Packaging",764,7024.13,7003,46,69190139802
35266,Gotthard Zahn GmbH,Finland,Pohjanmaa,Dollars,Healthcare Systems & Services,570,6.51,7985,42,1.47E+11
52647,Cook-Webb,Morocco,Berkane,Dollars,"Paper, Forest Products & Packaging",762,10.69,2171,35,7.63E+11
13355,Shah-Lowe,Central African Republic,Bamingui-Bangoran,Dollars,Automotive & Assembly,862,37.45,6844,50,2.15E+11
48467,Brandt Ltd,Anguilla,NA,Dollars,Oil & Gas,593,788.49,1593,20,3.25E+11